{
  "pageSizes": {
    "1": {
      "width": 595.276,
      "height": 841.89
    },
    "2": {
      "width": 595.276,
      "height": 841.89
    },
    "3": {
      "width": 595.276,
      "height": 841.89
    },
    "4": {
      "width": 595.276,
      "height": 841.89
    }
  },
  "labels": {
    "1": {
      "A1": {
        "x": 24.023,
        "y": 271.748908
      },
      "A2": {
        "x": 24.023,
        "y": 336.213908
      },
      "A3": {
        "x": 24.023,
        "y": 428.127908
      },
      "A4": {
        "x": 24.023,
        "y": 492.592908
      },
      "A5": {
        "x": 24.023,
        "y": 572.001908
      },
      "A6": {
        "x": 24.023,
        "y": 654.284908
      },
      "A7": {
        "x": 24.023,
        "y": 726.220908
      }
    },
    "2": {
      "A8": {
        "x": 24.023,
        "y": 70.049908
      },
      "A9": {
        "x": 24.023,
        "y": 149.365908
      },
      "A10": {
        "x": 16.9,
        "y": 213.829908
      },
      "B1": {
        "x": 24.023,
        "y": 359.388908
      },
      "B2": {
        "x": 24.023,
        "y": 438.703908
      },
      "B3": {
        "x": 24.023,
        "y": 517.958908
      },
      "B4": {
        "x": 24.023,
        "y": 594.929908
      },
      "B5": {
        "x": 24.023,
        "y": 704.132908
      }
    },
    "3": {
      "B6": {
        "x": 24.023,
        "y": 70.049908
      },
      "B7": {
        "x": 24.023,
        "y": 149.458908
      },
      "B8": {
        "x": 24.023,
        "y": 251.189908
      },
      "B9": {
        "x": 24.023,
        "y": 338.070908
      },
      "B10": {
        "x": 16.9,
        "y": 439.895908
      },
      "C1": {
        "x": 24.419,
        "y": 584.785908
      },
      "C2": {
        "x": 24.419,
        "y": 664.194908
      },
      "C3": {
        "x": 24.419,
        "y": 726.220908
      }
    },
    "4": {
      "C4": {
        "x": 24.419,
        "y": 70.049908
      },
      "C5": {
        "x": 24.419,
        "y": 183.455908
      },
      "C6": {
        "x": 24.419,
        "y": 264.535908
      },
      "C7": {
        "x": 24.419,
        "y": 362.997908
      },
      "C8": {
        "x": 24.419,
        "y": 431.478908
      },
      "C9": {
        "x": 24.419,
        "y": 579.649908
      },
      "C10": {
        "x": 17.295,
        "y": 692.962908
      }
    }
  }
}