{
  "pageSizes": {
    "1": {
      "width": 595.0,
      "height": 842.0
    },
    "2": {
      "width": 595.0,
      "height": 842.0
    },
    "3": {
      "width": 595.0,
      "height": 842.0
    },
    "4": {
      "width": 595.0,
      "height": 842.0
    }
  },
  "labels": {
    "1": {
      "A1": {
        "x": 23.2801,
        "y": 285.546726
      },
      "A2": {
        "x": 23.28042,
        "y": 334.986626
      },
      "A3": {
        "x": 23.2801,
        "y": 412.026726
      },
      "A4": {
        "x": 23.2801,
        "y": 500.346726
      },
      "A5": {
        "x": 23.27952,
        "y": 592.026326
      },
      "A6": {
        "x": 23.28004,
        "y": 658.386526
      },
      "A7": {
        "x": 23.2801,
        "y": 733.746626
      }
    },
    "2": {
      "A8": {
        "x": 23.2799,
        "y": 67.986826
      },
      "A9": {
        "x": 23.28016,
        "y": 169.746426
      },
      "A10": {
        "x": 16.08062,
        "y": 248.466726
      },
      "B1": {
        "x": 23.2801,
        "y": 361.386526
      },
      "B2": {
        "x": 23.27972,
        "y": 484.266626
      },
      "B3": {
        "x": 23.2797,
        "y": 577.866526
      },
      "B4": {
        "x": 23.28008,
        "y": 656.466526
      },
      "B5": {
        "x": 23.28062,
        "y": 742.626926
      }
    },
    "3": {
      "B6": {
        "x": 23.2799,
        "y": 67.986826
      },
      "B7": {
        "x": 23.2796,
        "y": 161.586826
      },
      "B8": {
        "x": 23.27992,
        "y": 225.426626
      },
      "B9": {
        "x": 23.28058,
        "y": 302.107026
      },
      "B10": {
        "x": 16.08042,
        "y": 378.786626
      },
      "C1": {
        "x": 23.6403,
        "y": 507.786626
      },
      "C2": {
        "x": 23.64004,
        "y": 619.146926
      },
      "C3": {
        "x": 23.64047,
        "y": 712.746806
      }
    },
    "4": {
      "C4": {
        "x": 23.6399,
        "y": 67.986826
      },
      "C5": {
        "x": 23.6405,
        "y": 135.546526
      },
      "C6": {
        "x": 23.63952,
        "y": 232.867126
      },
      "C7": {
        "x": 23.64,
        "y": 331.746696
      },
      "C8": {
        "x": 23.63952,
        "y": 467.106826
      },
      "C9": {
        "x": 23.63992,
        "y": 597.426726
      },
      "C10": {
        "x": 16.43974,
        "y": 712.746726
      }
    }
  }
}