{
  "pageSizes": {
    "1": {
      "width": 595.0,
      "height": 842.0
    },
    "2": {
      "width": 595.0,
      "height": 842.0
    },
    "3": {
      "width": 595.0,
      "height": 842.0
    },
    "4": {
      "width": 595.0,
      "height": 842.0
    }
  },
  "labels": {
    "1": {
      "A1": {
        "x": 23.2801,
        "y": 259.266726
      },
      "A2": {
        "x": 23.2801,
        "y": 367.626726
      },
      "A3": {
        "x": 23.2801,
        "y": 452.106726
      },
      "A4": {
        "x": 23.28012,
        "y": 501.546826
      },
      "A5": {
        "x": 23.28012,
        "y": 563.346726
      },
      "A6": {
        "x": 23.2796,
        "y": 627.066526
      },
      "A7": {
        "x": 23.27992,
        "y": 699.786726
      }
    },
    "2": {
      "A8": {
        "x": 23.2799,
        "y": 70.986726
      },
      "A9": {
        "x": 23.27992,
        "y": 152.706726
      },
      "A10": {
        "x": 16.08032,
        "y": 235.386426
      },
      "B1": {
        "x": 23.2801,
        "y": 369.426626
      },
      "B2": {
        "x": 23.28,
        "y": 448.387326
      },
      "B3": {
        "x": 23.27992,
        "y": 526.986426
      },
      "B4": {
        "x": 23.28012,
        "y": 618.666826
      },
      "B5": {
        "x": 23.2801,
        "y": 697.386726
      }
    },
    "3": {
      "B6": {
        "x": 23.2799,
        "y": 70.986726
      },
      "B7": {
        "x": 23.2798,
        "y": 145.506626
      },
      "B8": {
        "x": 23.27982,
        "y": 236.826726
      },
      "B9": {
        "x": 23.2801,
        "y": 315.546726
      },
      "B10": {
        "x": 16.0801,
        "y": 394.266726
      },
      "C1": {
        "x": 23.6399,
        "y": 510.066526
      },
      "C2": {
        "x": 23.63952,
        "y": 633.666826
      },
      "C3": {
        "x": 23.63972,
        "y": 712.386726
      }
    },
    "4": {
      "C4": {
        "x": 23.6399,
        "y": 70.986726
      },
      "C5": {
        "x": 23.63952,
        "y": 149.706726
      },
      "C6": {
        "x": 23.6398,
        "y": 260.946726
      },
      "C7": {
        "x": 23.63952,
        "y": 382.506926
      },
      "C8": {
        "x": 23.6398,
        "y": 494.586726
      },
      "C9": {
        "x": 23.6398,
        "y": 591.307126
      },
      "C10": {
        "x": 16.4398,
        "y": 697.746726
      }
    }
  }
}